kanji,count
彼,54382
私,33966
女,18556
人,18290
日,16679
行,12624
一,10558
見,10485
言,9940
事,9682
本,9447
時,9376
出,9165
何,9050
分,9009
大,8994
生,8698
今,8220
間,8201
気,7903
手,7674
子,7574
話,7350
思,7328
学,6630
自,6604
中,6543
会,6524
家,6258
年,6234
語,6161
上,6003
来,5888
食,5721
前,5710
知,5465
君,5215
車,5025
入,5003
好,4988
物,4966
方,4898
合,4698
者,4456
持,4284
金,4274
書,3959
明,3879
達,3853
国,3745
仕,3674
当,3635
全,3576
聞,3446
意,3438
少,3434
部,3431
下,3389
理,3386
誰,3267
要,3223
後,3213
僕,3212
目,3174
新,3086
通,3040
電,3033
最,2989
立,2962
買,2957
問,2954
心,2930
教,2899
先,2886
度,2860
切,2857
父,2850
多,2832
動,2829
的,2800
地,2800
月,2758
外,2705
実,2700
着,2668
強,2666
題,2651
取,2651
親,2646
名,2635
屋,2631
必,2617
高,2558
場,2512
長,2504
不,2497
作,2491
校,2463
発,2458
社,2429
力,2424
画,2400
母,2397
結,2396
楽,2372
小,2360
我,2350
考,2347
成,2346
供,2342
読,2341
無,2329
友,2283
昨,2278
起,2269
同,2260
使,2259
所,2248
違,2242
悪,2236
近,2208
英,2193
決,2190
用,2164
変,2154
業,2100
待,2098
水,2092
計,2075
男,2063
味,2043
世,1998
性,1996
夜,1994
道,1986
文,1977
体,1976
住,1960
二,1954
歩,1948
対,1910
良,1896
番,1893
機,1867
信,1862
運,1859
雨,1853
感,1850
朝,1839
勉,1820
終,1804
解,1796
週,1790
飲,1788
回,1761
受,1750
数,1717
正,1713
帰,1703
転,1703
遅,1700
口,1700
足,1698
代,1676
以,1675
開,1673
空,1673
早,1671
試,1668
始,1662
面,1656
音,1656
定,1649
然,1633
乗,1628
説,1623
真,1605
付,1591
病,1588
死,1570
寝,1566
毎,1553
伝,1553
重,1544
失,1540
犬,1534
関,1530
美,1522
過,1506
紙,1495
降,1494
風,1493
難,1488
料,1482
働,1459
身,1454
引,1445
向,1443
婚,1419
休,1410
験,1394
約,1393
直,1379
助,1366
法,1354
得,1344
山,1342
故,1341
現,1340
飛,1323
初,1315
曜,1306
員,1298
活,1292
天,1290
予,1287
止,1286
赤,1279
有,1273
忘,1268
落,1260
海,1254
愛,1251
議,1245
命,1244
主,1230
葉,1228
医,1223
利,1212
込,1211
他,1210
旅,1207
界,1204
注,1192
次,1189
店,1187
内,1186
息,1184
選,1183
白,1181
急,1171
十,1165
能,1165
覚,1150
緒,1147
品,1143
続,1138
嫌,1127
木,1117
歌,1114
経,1104
調,1097
幸,1090
返,1090
色,1089
若,1083
由,1067
戦,1067
頭,1063
両,1062
別,1060
相,1054
果,1045
常,1045
俺,1038
期,1037
座,1036
点,1035
映,1034
論,1033
残,1027
質,1023
京,1021
配,1019
笑,1016
野,1015
花,1013
顔,1009
確,1006
欲,1004
情,1001
習,1000
化,998
連,997
平,996
勝,995
在,992
売,985
市,983
声,983
安,978
警,978
痛,973
功,968
走,967
政,966
席,966
記,965
公,964
願,959
進,959
駅,957
送,950
火,947
様,940
歳,939
東,933
夫,930
表,928
単,923
告,917
格,911
可,910
眠,901
張,901
都,900
価,899
服,898
呼,891
士,891
三,889
戻,881
交,881
頼,870
断,869
限,867
町,863
非,857
優,857
族,849
払,848
指,847
元,845
答,837
猫,836
川,835
報,834
値,831
消,831
求,829
泳,828
案,826
古,826
加,823
流,820
産,819
望,809
反,806
苦,806
球,803
兄,801
健,801
職,799
役,798
育,793
万,790
雪,789
守,788
置,787
怒,786
察,783
治,775
段,774
辞,773
太,773
頃,772
神,771
列,771
園,769
訳,768
速,764
台,763
集,762
危,759
満,759
夏,750
写,747
支,745
夢,745
任,744
民,736
訪,734
離,733
建,733
夕,724
際,723
遠,721
去,721
午,718
務,716
客,709
忙,707
素,705
半,705
徒,704
図,704
探,699
熱,695
晩,695
腹,691
件,687
困,685
洗,683
広,683
院,682
泣,681
敗,680
深,675
争,672
館,670
遊,668
絶,668
授,666
束,664
昼,663
念,663
与,663
宿,662
備,661
提,660
康,660
疲,659
光,657
便,656
態,655
申,654
茶,651
険,650
冷,650
状,649
円,648
背,648
字,648
寒,646
判,642
殺,638
科,633
認,633
弟,633
突,628
田,628
馬,627
窓,626
船,625
原,622
閉,618
害,617
観,616
薬,615
師,614
庭,613
類,612
負,610
驚,602
暮,601
慣,600
恐,600
想,599
係,599
保,598
土,591
散,590
石,590
絵,588
組,584
割,583
和,582
邪,578
形,578
術,577
興,576
演,575
暗,574
放,574
第,574
魚,574
種,570
欠,570
許,569
義,566
特,561
喜,560
済,558
室,556
打,556
似,556
留,555
努,552
肉,550
路,549
髪,548
借,546
応,545
娘,544
姉,543
収,540
妻,539
除,538
渡,538
振,536
靴,536
皆,535
貸,533
酒,530
青,529
存,528
懸,527
老,527
抜,524
末,524
首,523
鳥,519
刻,518
盗,517
局,516
罪,513
完,513
識,513
給,512
宅,511
投,511
独,509
参,509
静,507
妹,507
号,504
犯,503
費,502
逃,501
悲,499
式,499
礼,497
横,496
飯,495
従,494
退,494
追,492
箱,492
嘘,491
簡,491
容,490
倒,488
制,488
煙,488
証,487
慢,486
昔,486
暇,486
謝,484
増,484
敵,481
怖,480
寄,480
星,480
途,480
財,479
護,478
登,478
責,477
暑,476
曲,476
鳴,475
労,474
普,474
談,468
焼,466
駄,466
具,465
氏,464
晴,462
壊,462
工,459
官,458
資,455
商,454
吸,453
傷,447
歯,446
辺,444
福,444
秘,442
王,440
居,439
候,437
構,437
黒,437
密,436
疑,435
準,435
到,435
温,434
冬,433
線,431
銀,429
越,429
階,427
破,427
耳,427
五,424
賛,423
視,422
権,420
陽,420
研,420
究,419
牛,419
才,418
杯,417
血,414
余,413
亡,413
雑,411
差,410
減,409
勤,409
個,408
折,407
弾,406
捕,405
修,405
等,403
示,403
貧,402
震,402
景,402
位,401
統,400
祖,400
規,398
誕,398
迷,397
設,396
腕,396
弁,396
婦,395
鍵,395
迎,394
激,393
押,393
村,393
港,392
器,389
富,389
共,388
布,388
側,387
適,387
互,383
仲,381
製,380
影,380
舞,378
量,375
接,374
根,374
隠,372
坊,372
丈,371
北,370
招,368
禁,367
滞,367
絡,365
恋,364
四,363
詩,363
撃,361
掛,359
隣,357
効,353
処,352
春,352
例,352
帯,351
練,350
技,349
援,348
司,348
査,348
衆,348
周,347
砂,346
百,346
扱,344
領,344
戸,342
草,342
帽,341
再,341
荷,338
評,338
毛,337
善,336
為,334
境,332
誤,332
混,331
浮,331
右,331
検,330
将,330
暖,330
府,329
異,329
片,329
賞,328
軽,327
島,326
響,325
営,325
抱,325
門,324
象,323
忠,323
乳,321
歴,320
泊,320
介,319
比,318
型,318
鹿,317
精,316
極,315
専,315
造,315
街,314
惑,313
因,313
米,313
貴,313
復,313
傘,313
短,312
勢,312
机,311
左,311
防,310
卵,310
叔,309
恥,309
細,307
史,307
脱,307
汚,305
障,305
易,304
更,304
像,302
黙,300
低,300
挙,299
程,298
掃,298
則,297
姿,297
床,296
庫,296
魔,296
厳,295
植,295
派,295
齢,294
飼,293
千,292
賢,291
未,291
額,290
筆,290
頂,290
節,289
敬,289
裏,289
聴,286
騒,285
弱,285
昇,284
固,284
枚,283
基,282
算,282
税,282
橋,282
油,281
虫,280
森,279
競,278
囲,277
尊,277
届,276
尋,276
慮,276
勇,276
触,274
卒,273
団,273
並,272
装,271
延,271
課,270
描,270
劇,270
順,270
吹,270
策,268
頑,268
被,267
骨,267
農,266
積,266
否,265
酔,264
湖,264
涙,264
率,264
泥,264
軍,264
儀,263
郵,263
況,263
染,262
換,261
洋,261
企,261
雇,260
角,258
改,257
詳,257
尽,257
芸,255
域,255
捨,255
移,254
替,254
養,253
般,251
釣,251
冗,250
棒,250
甘,248
奇,246
壁,246
冊,245
鉄,245
御,244
屈,244
奴,244
律,243
撮,241
怪,241
西,241
環,240
快,240
燃,240
兵,240
講,239
損,239
械,238
喫,237
翻,237
暴,235
救,235
舎,232
匹,232
偶,232
陸,231
診,231
携,230
八,230
災,229
趣,229
述,228
誘,227
避,227
免,225
糖,225
博,224
停,224
奥,223
微,223
端,223
倍,223
整,223
塩,222
県,220
句,220
攻,220
菜,219
協,218
滅,218
偉,218
鏡,218
嬉,218
浴,217
区,216
耐,216
悔,216
患,215
補,213
録,213
皿,213
詞,212
裕,211
乱,210
鼻,209
毒,208
爆,208
氷,208
包,207
展,206
誌,206
巻,205
秋,205
捜,204
沈,204
材,204
久,204
症,203
蔵,203
就,202
印,202
阪,201
逆,201
宝,200
怠,200
南,200
刑,200
紹,200
呂,199
妙,199
鉛,199
宙,199
池,198
及,198
胸,197
贈,196
希,196
玉,196
級,195
委,195
香,194
宇,194
肩,194
輸,193
眼,193
益,192
札,192
緊,191
致,191
濯,190
貯,189
丸,189
叫,188
源,188
管,188
績,188
波,187
踊,187
超,186
導,186
雲,186
符,186
圧,185
航,185
祝,185
乏,184
締,183
幼,182
標,182
州,181
党,181
丘,181
穴,180
看,180
郎,180
裁,179
紅,179
伸,179
辛,178
討,178
詰,178
噂,178
祭,178
六,178
塗,178
模,177
隊,176
嵐,176
群,176
担,175
刺,175
悩,175
輪,174
握,174
底,173
盛,173
療,173
版,173
椅,173
棚,172
豊,172
条,172
含,171
岸,171
皮,170
筋,170
袋,169
陰,169
腰,169
愚,167
販,167
志,167
恵,165
跡,165
賃,164
傾,164
属,164
抗,164
催,164
衣,163
魅,163
築,163
革,163
誇,163
奪,162
児,162
季,162
霊,161
紀,161
九,161
柄,159
承,159
凍,159
各,159
狂,159
劣,159
臭,159
銃,158
干,157
芝,156
栄,155
瓶,154
納,154
章,153
召,153
総,152
拠,152
廃,152
粉,151
株,151
憶,151
板,151
奮,151
罰,150
緑,150
購,150
載,149
七,149
継,149
麗,148
城,146
瞬,146
駐,146
狭,145
照,145
測,145
己,144
幾,144
請,144
歓,144
遺,143
訴,143
預,142
薄,142
履,142
典,142
貨,141
推,141
奏,141
腐,141
了,140
施,139
遂,139
輝,138
沢,137
依,136
創,135
酸,135
羽,135
漢,135
鮮,134
駆,134
票,134
華,134
飽,133
林,133
仮,133
複,132
睡,132
契,132
拒,132
採,132
丁,132
券,131
稼,131
祈,131
厚,131
概,130
批,130
襲,129
編,129
郷,129
永,127
眺,126
寺,126
織,126
埋,126
僚,126
武,126
踏,126
忍,126
臓,126
滑,125
占,125
唯,125
覧,124
熟,124
逮,124
遣,123
脳,123
乾,123
覆,122
揺,122
黄,122
綺,122
迫,121
寿,121
省,121
誠,121
濡,121
桜,121
釈,121
喉,120
勘,120
層,120
渋,120
咲,120
喧,119
射,119
旧,119
豆,119
著,118
飾,118
輩,118
繰,118
井,118
俳,116
癖,116
挨,115
拶,115
訓,115
噛,115
磨,115
羊,115
嘩,114
衝,114
均,113
抑,113
玄,113
堂,113
距,112
濃,112
系,112
犠,112
冒,112
摘,112
胃,112
針,111
霧,111
双,111
署,110
潔,110
菓,109
宗,109
勧,109
匂,109
牲,109
崩,108
敢,108
伺,108
募,107
漏,107
璧,107
監,106
雷,106
控,106
令,106
渉,106
誉,105
至,105
湯,105
銭,104
略,104
麦,104
尾,104
闇,104
肌,104
仏,104
操,104
麻,103
億,103
巨,103
浜,103
徹,102
既,102
択,102
諸,102
喋,102
充,101
没,101
蔑,100
清,100
紳,100
憩,100
遭,99
闘,99
漫,99
荒,99
慎,99
寂,99
削,98
藤,98
灯,98
焦,98
孤,97
脚,97
叱,96
較,96
抵,96
雄,96
封,96
幽,96
純,96
河,96
汗,96
掘,96
威,95
珍,95
拾,95
庁,95
翌,95
房,95
献,95
殴,94
添,94
汽,94
裂,93
炎,93
柔,93
索,93
脅,92
審,92
剣,92
悟,92
叩,92
吐,92
沿,91
嘆,90
聖,90
諦,90
谷,90
舌,89
貿,89
衛,89
獲,88
熊,88
湿,88
剤,88
憎,87
核,87
仰,86
繁,86
酷,85
炭,85
糸,85
岩,85
蒸,85
範,84
硬,84
躍,84
徳,84
徴,84
旗,84
鞄,84
秀,84
縮,83
項,83
梅,83
敷,83
孫,83
紛,82
豚,82
宣,82
偽,81
鶏,81
飢,80
即,80
液,80
侵,80
涼,80
臣,80
奈,80
尻,79
樹,78
吠,78
執,78
矢,78
辱,77
陥,77
拝,77
韓,77
鬼,77
挑,76
懐,76
獄,76
妊,76
巣,76
維,75
督,75
侮,75
豪,75
幅,74
随,74
縁,74
帳,74
却,74
松,74
伴,74
顧,73
虚,73
畑,73
宮,73
需,72
刈,72
牧,72
譲,72
泉,72
卓,72
渇,72
涯,71
拡,71
露,71
拍,71
貫,70
称,70
鋭,70
揚,70
縄,70
慌,69
洪,69
棄,69
潜,68
謎,68
貼,68
穏,68
浪,68
童,68
佐,68
恩,67
融,67
掲,67
胆,67
沸,67
往,67
伏,67
蛇,67
缶,66
蹴,66
膝,66
溶,66
猛,65
餌,65
蓄,65
蜂,65
励,65
儲,65
稿,65
溺,64
縫,64
甲,64
稲,64
陣,64
曇,64
頬,64
枝,64
跳,64
煮,64
寧,64
脇,63
烈,63
塔,63
衰,63
墓,63
浅,63
秒,62
裸,62
軒,62
蝶,62
拭,62
粗,61
副,61
獣,61
揮,61
唱,61
里,61
脈,61
是,60
灰,60
巡,60
償,60
皇,60
隔,60
妥,59
促,59
誓,59
臆,59
敏,59
刀,59
崎,59
囚,59
綿,58
騰,58
娠,58
偏,58
摂,58
騙,58
褒,58
痴,58
徐,58
排,57
頻,57
絞,57
粧,57
浸,57
袖,57
潮,56
閣,56
縛,56
哲,56
唇,56
磁,56
妨,55
刷,55
憂,55
惚,55
央,55
奨,54
旨,54
枯,54
鈴,54
咳,54
哀,53
妬,53
刊,53
穫,53
彫,53
賭,53
幹,53
沖,53
筒,53
桃,53
痩,53
籍,52
肺,52
析,52
柱,52
塀,52
旦,52
竹,52
扉,52
昆,51
栽,51
培,51
惰,51
盤,51
惨,51
欺,51
鍋,51
漁,50
魂,50
憲,50
癌,50
殿,50
葬,50
薦,50
縦,50
江,50
網,49
堅,49
隷,49
岡,49
肝,49
雰,49
幕,49
叶,49
嫁,49
欧,49
銘,48
肥,48
緩,48
洞,48
堪,48
遇,48
蚊,48
津,48
猿,47
糧,47
鎖,47
鑑,47
那,47
臨,47
寸,46
凡,46
序,46
賄,46
捧,46
克,46
隅,46
暢,46
搭,46
戚,45
債,45
爪,45
如,45
坂,45
汁,45
詐,45
狩,45
笛,44
諾,44
鬱,44
羨,44
郊,44
貢,44
鎮,43
狙,43
漠,43
疎,43
憧,43
凄,43
湾,43
檎,43
垂,43
厄,43
婆,43
竜,43
斜,42
卑,42
宛,42
貰,42
漂,42
斎,42
錠,42
箸,42
泡,42
鼓,42
穀,41
偵,41
虐,41
惜,41
頓,40
帝,40
戒,40
撲,40
蜜,40
苛,40
窮,40
垣,39
砲,39
珠,39
粋,39
巧,39
慰,39
枕,39
尿,39
紫,39
墜,39
狼,39
炊,39
猟,39
伊,39
慈,39
餓,38
繊,38
莫,38
菌,38
揃,38
祉,38
幻,38
擦,38
寛,38
吉,37
函,37
嫉,37
鯨,37
簿,37
謀,37
虎,37
盆,37
噴,37
嗅,37
礎,37
愉,37
賀,36
鈍,36
塞,36
鉱,36
廊,36
贅,36
壇,36
盲,36
剥,36
畳,36
僧,35
芽,35
彩,35
稚,35
膨,35
芋,35
漬,35
詫,35
苗,35
苺,35
飴,35
醜,34
帆,34
酬,34
炉,34
癒,34
凝,34
紐,34
沙,34
俗,33
兆,33
馴,33
燥,33
繋,33
寮,33
鐘,33
翼,33
旬,32
崇,32
賊,32
透,32
剃,32
姓,32
零,32
虹,32
併,32
砕,31
瀬,31
陳,31
又,31
兼,31
架,31
挟,31
膚,31
捻,31
撤,31
圏,31
狐,31
伯,31
姫,31
粒,31
脂,31
訂,31
昧,31
軌,31
邦,30
碑,30
茂,30
掴,30
弓,30
幣,30
潰,30
拳,30
蜘,30
蛛,30
哺,30
廷,30
剰,29
粘,29
貌,29
倉,29
宴,29
傍,29
傑,29
腸,29
賂,29
餅,29
棋,29
眉,29
乞,29
汰,29
鶴,29
盟,28
妖,28
顕,28
還,28
霜,28
斐,28
淡,28
阻,28
惹,28
殻,28
斉,28
鍛,28
紋,28
征,28
絹,28
弊,27
奉,27
傲,27
栓,27
薔,27
薇,27
杖,27
懲,27
覗,27
釘,27
崖,27
澄,27
髭,27
括,26
窟,26
径,26
謙,26
浄,26
銅,26
梨,26
荘,26
塁,26
姪,26
呆,26
罠,26
赦,26
肢,26
溜,26
盾,25
擁,25
鋼,25
些,25
欄,25
腫,25
麺,25
仙,25
雀,25
滴,25
胞,25
沼,25
軟,25
託,24
繕,24
綴,24
煩,24
雅,24
鼠,24
挫,24
享,24
扇,24
股,24
炒,24
溢,24
曖,24
伎,24
拓,23
疫,23
陶,23
掻,23
矛,23
倫,23
抽,23
鉢,23
峡,23
兎,23
芯,23
酌,23
梯,23
訊,23
禅,23
恒,23
貝,23
逸,23
胡,22
塊,22
嬢,22
鳩,22
聡,22
朗,22
隙,22
窃,22
錯,22
痒,22
舗,22
冠,22
唐,22
瀕,22
舟,22
凶,22
虜,22
轢,21
肖,21
柵,21
鹸,21
甥,21
乙,21
疾,21
瓜,21
栗,21
幌,21
瞳,21
昭,21
湧,21
摩,21
懇,21
遥,20
宜,20
爽,20
壮,20
膜,20
葡,20
迅,20
潤,20
蓋,20
憾,20
祥,20
塾,20
牡,20
旺,20
斗,20
殊,20
戯,20
娯,20
騎,20
肪,20
畜,20
綱,20
刃,20
賑,20
舐,20
埃,20
軸,20
禎,20
淋,19
彙,19
循,19
慨,19
箋,19
秩,19
葵,19
旋,19
勿,19
萄,19
邸,19
亜,19
羅,19
慶,19
忌,19
耕,19
把,19
碁,19
孝,19
恨,18
訟,18
須,18
拘,18
挿,18
馳,18
淹,18
漕,18
滝,18
掌,18
槽,18
践,18
亀,18
殖,18
某,18
遮,18
抹,18
憤,17
阿,17
屁,17
倹,17
呈,17
蛍,17
茎,17
凧,17
勃,17
遍,17
怯,17
酢,17
据,17
戴,17
冥,17
溝,17
枠,17
肘,17
艦,17
拐,16
雌,16
尺,16
諺,16
蛮,16
錆,16
壌,16
庶,16
殆,16
暦,16
噌,16
醤,16
呑,16
丹,16
晶,16
讐,16
痺,16
瞭,16
煎,16
措,15
茹,15
濫,15
披,15
喚,15
賜,15
苔,15
粛,15
墨,15
斤,15
顎,15
詠,15
訣,15
稽,15
禍,15
尚,15
啓,14
喪,14
濁,14
氾,14
逢,14
箇,14
賠,14
絆,14
訛,14
采,14
渦,14
肯,14
吊,14
呪,14
蘇,14
岐,14
彰,14
智,14
痕,14
拉,14
蛙,14
棟,14
饉,14
班,14
扶,14
鯉,14
媒,14
叙,14
董,13
綾,13
喝,13
云,13
雛,13
喘,13
唾,13
蟹,13
閑,13
甚,13
姑,13
潟,13
揉,13
詣,13
堤,13
垢,13
匠,13
朽,12
綻,12
玩,12
搾,12
矯,12
譜,12
覇,12
麓,12
疱,12
瘡,12
躊,12
躇,12
襟,12
慕,12
汝,12
弄,12
貞,12
碗,12
亭,12
捉,12
骸,12
髄,12
痢,12
妃,12
暫,12
頷,11
芳,11
撫,11
晦,11
閲,11
搬,11
籠,11
柿,11
吾,11
爺,11
宵,11
蠣,11
杏,11
巾,11
只,11
隻,11
琵,11
琶,11
蓮,11
弦,11
妄,11
穂,11
岳,11
墳,11
辿,11
這,11
薪,11
弧,11
衡,11
淑,11
餐,11
堵,11
丼,11
陪,11
吃,11
憑,10
嘲,10
檻,10
篤,10
奔,10
緯,10
峰,10
龍,10
仇,10
仔,10
鷲,10
窒,10
蝋,10
燭,10
膳,10
紺,10
胴,10
閥,10
鮭,10
酵,10
堕,10
擬,10
礁,10
爵,10
卸,9
轄,9
款,9
愁,9
剛,9
鞘,9
胎,9
厨,9
桁,9
槌,9
凹,9
癇,9
癪,9
槍,9
樫,9
冴,9
錬,9
睦,9
陛,9
瓦,9
串,9
拷,9
婿,9
謡,9
侍,9
遷,9
墟,9
睨,9
柳,9
乃,9
悼,9
瘍,9
錦,9
唆,9
奢,9
鞭,8
坐,8
烏,8
浦,8
眩,8
柑,8
畏,8
狸,8
梗,8
斬,8
罹,8
踪,8
埠,8
蝙,8
蝠,8
韻,8
袈,8
裟,8
紡,8
瑠,8
詮,8
仁,8
罵,8
迦,8
此,8
筈,8
牢,8
砦,8
昏,8
洒,8
赴,8
畔,8
翔,8
鷹,8
梁,8
賓,8
孔,8
塵,8
撒,8
貪,8
珈,8
琲,8
蒼,8
桑,8
枢,8
篠,8
呵,7
鎌,7
累,7
勲,7
遜,7
鵜,7
或,7
莉,7
狗,7
悶,7
藪,7
裾,7
轟,7
蒔,7
吟,7
喰,7
藁,7
疹,7
璃,7
峠,7
膏,7
該,7
曽,7
弥,7
駒,7
楼,7
岬,7
唖,7
茸,7
沃,7
棲,7
牙,7
埼,7
駿,7
漱,7
尉,7
萌,7
逝,7
宰,7
之,7
椎,7
俵,7
菅,7
茜,7
猶,7
拗,6
迂,6
膿,6
鋳,6
彗,6
寡,6
壷,6
鞍,6
躾,6
硫,6
棘,6
獅,6
椒,6
泰,6
縞,6
也,6
咎,6
稀,6
煽,6
泌,6
竿,6
絨,6
毯,6
逐,6
苑,6
焚,6
雹,6
哉,6
匿,6
蘭,6
塚,6
撥,6
菊,6
賽,6
嬌,6
迄,6
庸,6
漸,6
脆,6
艇,6
僅,6
腺,6
厭,6
倣,6
悠,6
蔽,6
謹,6
勾,6
靖,6
曾,6
醸,6
頁,6
漆,6
憐,6
唄,6
剖,6
郡,5
蟻,5
廉,5
坦,5
朱,5
啄,5
侶,5
偲,5
囁,5
鯛,5
附,5
卿,5
橘,5
隆,5
晒,5
屍,5
囀,5
鴨,5
剪,5
瞑,5
埒,5
姜,5
喩,5
蝿,5
凪,5
唸,5
仄,5
姦,5
杭,5
倦,5
鎧,5
捏,5
痘,5
佳,5
曰,5
尖,5
挽,5
孵,5
箪,5
柴,5
汲,5
琴,5
梓,5
茨,5
藩,5
訝,5
暁,5
辻,5
隈,5
糾,5
娼,5
袴,5
阜,5
姻,5
諭,5
鮫,5
嘔,5
歪,5
餃,5
芥,5
其,5
舶,5
堀,5
錐,5
礫,5
准,5
鰐,5
弔,5
諒,5
亮,5
彦,4
謳,4
虔,4
洩,4
贔,4
屓,4
閃,4
膀,4
胱,4
颯,4
纏,4
汎,4
凸,4
捌,4
酎,4
誹,4
謗,4
藍,4
躓,4
秤,4
伐,4
藻,4
釧,4
蕩,4
鰻,4
熾,4
罷,4
浩,4
慇,4
懃,4
毅,4
鋤,4
伍,4
穿,4
煉,4
貶,4
窪,4
桟,4
呉,4
嵌,4
豹,4
蕎,4
遡,4
驕,4
呟,4
笥,4
扮,4
逞,4
糊,4
洲,4
楊,4
擢,4
皺,4
嗜,4
凛,4
茄,4
憊,4
蒲,4
飄,4
狽,4
爬,4
杉,4
褪,4
憚,4
恭,4
碇,4
梱,4
耽,4
萎,4
斧,4
遽,4
几,4
鄙,4
后,4
朴,4
媚,4
滋,4
駁,4
葛,4
栃,4
弘,4
醍,4
醐,4
愕,4
逼,4
虻,4
艘,4
輔,4
陵,4
帥,4
瑛,4
遼,4
漣,4
渾,3
啖,3
贋,3
尼,3
憺,3
匙,3
玲,3
桶,3
嵩,3
墾,3
笠,3
紗,3
椀,3
捗,3
蠅,3
套,3
蛾,3
來,3
衷,3
煌,3
腎,3
橙,3
朕,3
魃,3
嚢,3
昌,3
雉,3
牽,3
鋸,3
霹,3
靂,3
鮎,3
篇,3
冶,3
晰,3
猥,3
肛,3
燕,3
梳,3
瞥,3
釜,3
臍,3
讃,3
晋,3
艶,3
糞,3
曹,3
祷,3
佇,3
禄,3
填,3
瑞,3
亨,3
耗,3
臥,3
酋,3
瞼,3
賦,3
蹟,3
禿,3
腱,3
侘,3
淀,3
蕾,3
蔭,3
醒,3
蒙,3
怨,3
諮,3
蚕,3
聾,3
俸,3
鍮,3
鱒,3
緻,3
疇,3
郭,3
腑,3
儚,3
嘱,3
欒,3
媛,3
毀,3
痙,3
攣,3
鵞,3
鱗,3
祟,3
繍,3
榴,3
惧,3
湘,3
蛋,3
攫,3
臼,3
渓,3
寓,3
俊,3
賤,3
侃,3
諤,3
穣,3
拙,3
爲,3
閻,3
已,3
吽,3
擲,3
糠,3
菱,3
宥,2
芭,2
蕉,2
凱,2
萩,2
塑,2
嗤,2
娩,2
渚,2
巳,2
粟,2
吼,2
瑕,2
蔓,2
謁,2
逡,2
瀾,2
隼,2
舅,2
僻,2
燼,2
壺,2
眞,2
噓,2
訃,2
坪,2
痔,2
穢,2
喀,2
蝮,2
旱,2
諍,2
裡,2
羹,2
曙,2
褻,2
淫,2
柩,2
翳,2
於,2
吻,2
鰹,2
峙,2
鍼,2
卯,2
鱈,2
駱,2
駝,2
壱,2
淵,2
琥,2
珀,2
麿,2
輿,2
墺,2
蛸,2
楕,2
疵,2
咆,2
哮,2
恢,2
覿,2
犀,2
顰,2
羞,2
淳,2
俯,2
鯔,2
鳶,2
薩,2
榊,2
燈,2
澤,2
踵,2
簾,2
烙,2
箒,2
杜,2
艱,2
畿,2
蝉,2
窩,2
鎹,2
琢,2
誦,2
菩,2
竄,2
隕,2
跪,2
枷,2
磯,2
蜃,2
筑,2
葦,2
壕,2
雫,2
鉾,2
濠,2
睛,2
滲,2
鰌,2
扁,2
梟,2
痣,2
獰,2
浣,2
薫,2
遵,2
哨,2
粥,2
軋,2
茫,2
摺,2
鴎,2
抉,2
霞,2
稔,2
麒,2
麟,2
楚,2
坑,2
鴉,2
迭,2
嶺,2
劫,2
杓,2
巴,2
涜,2
牝,2
靡,2
惡,2
凌,2
爛,2
綽,2
辣,2
劾,2
徘,2
徊,2
齧,2
櫛,2
厘,2
峻,2
屑,2
悦,2
紆,2
贄,2
租,2
脊,2
殉,2
楓,2
升,2
賺,1
儒,1
餉,1
闊,1
疔,1
杞,1
倅,1
舵,1
吞,1
慄,1
盪,1
咥,1
箔,1
贖,1
壽,1
跆,1
柚,1
礬,1
晃,1
蠍,1
脛,1
從,1
僞,1
矍,1
鑠,1
纂,1
涵,1
鶇,1
證,1
凋,1
翠,1
膾,1
捲,1
靄,1
饒,1
巓,1
彅,1
佩,1
瑪,1
瑙,1
燗,1
托,1
詈,1
黴,1
猜,1
溯,1
肱,1
靨,1
跏,1
趺,1
膵,1
宏,1
炬,1
燵,1
吏,1
忿,1
濶,1
謂,1
夥,1
閂,1
駟,1
麝,1
惣,1
做,1
儘,1
牌,1
髯,1
褌,1
蝸,1
囃,1
閏,1
鹼,1
嚇,1
荀,1
棺,1
籃,1
庵,1
魘,1
灼,1
婉,1
繻,1
縋,1
怜,1
悧,1
溲,1
杳,1
曳,1
舛,1
撰,1
霍,1
撩,1
楷,1
麵,1
撼,1
悸,1
抄,1
嶋,1
叢,1
拵,1
鷗,1
僭,1
楔,1
屏,1
鯖,1
拇,1
呻,1
赧,1
鬆,1
蹄,1
斯,1
菫,1
坡,1
縷,1
瞰,1
荻,1
巫,1
蜥,1
蜴,1
楢,1
弋,1
辰,1
靜,1
凉,1
蝕,1
樽,1
蚤,1
襷,1
襤,1
褸,1
饑,1
斡,1
鯵,1
鑽,1
衾,1
縹,1
瓢,1
魏,1
彷,1
徨,1
窄,1
茅,1
葺,1
棕,1
櫚,1
灌,1
漑,1
瘦,1
椿,1
碧,1
茉,1
蜻,1
蛉,1
李,1
賎,1
巷,1
泪,1
儂,1
嘗,1
肴,1
蓼,1
匍,1
匐,1
澹,1
鉦,1
拮,1
梃,1
斥,1
兜,1
廻,1
眦,1
腿,1
蛎,1
鬚,1
鑿,1
亥,1
蠱,1
狢,1
寅,1
揶,1
揄,1
恍,1
憮,1
篭,1
腔,1
頒,1
嵯,1
峨,1
菖,1
恕,1
鱠,1
塹,1
黍,1
擂,1
蹙,1
躯,1
嶼,1
鉤,1
頚,1
錨,1
筏,1
倶,1
鋒,1
趨,1
濤,1
憔,1
悴,1
桂,1
址,1
枡,1
沐,1
狡,1
猾,1
軈,1
斟,1
斑,1
曝,1
靭,1
刹,1
辟,1
嬪,1
殲,1
劉,1
蒡,1
諜,1
薙,1
蛤,1
竪,1
磔,1
汀,1
跫,1
聳,1
辷,1
妾,1
韜,1
鼯,1
鼺,1
脾,1
傀,1
儡,1
槙,1
棹,1
嘶,1
靈,1
娑,1
燒,1
淨,1
莟,1
皐,1
筵,1
慾,1
瞋,1
夾,1
枇,1
杷,1
咽,1
褄,1
涸,1
痰,1
盂,1
硝,1
劃,1
訥,1
朦,1
朧,1
祇,1
屡,1
錚,1
眈,1
堆,1
坤,1
瀉,1
湛,1
樋,1
噪,1
魄,1
叉,1
孟,1
屠,1
俄,1
錫,1
焙,1
磋,1
夭,1
兇,1
圭,1
芻,1
庇,1
繭,1
褐,1
袱,1
睫,1
餡,1
葱,1
珊,1
瑚,1
謄,1
庄,1
燦,1
巌,1
堰,1
緋,1
栞,1
嘉,1
且,1
饂,1
飩,1
屯,1
酪,1
誼,1
娶,1
